{"cameraMode":{"drawMode":0,"name":"Shaded","section":"Shading Mode"},"sceneLighting":false,"audioPlay":false,"sceneViewState":{"m_AlwaysRefresh":false,"showFog":true,"showSkybox":false,"showFlares":true,"showImageEffects":true,"showParticleSystems":true,"showVisualEffectGraphs":true,"m_FxEnabled":true},"in2DMode":false,"pivot":{"x":71.94100952148438,"y":11.10692024230957,"z":3.407414436340332},"rotation":{"x":0.2641368806362152,"y":-0.0028979158960282804,"z":0.0007937236223369837,"w":0.9644824862480164},"size":9.600360870361329,"orthographic":false}